query,keyword,volume,cpc,value
chess opening,chess opening moves,1900,3.27,6213
chess opening,opening chess moves,1000,0.05,50
chess opening,chess opening,880,4.11,3616.8
chess opening,chess opening explorer,720,0,0
chess opening,best opening chess moves,590,0,0
chess opening,best chess opening,320,0,0
chess opening,best opening moves in chess,260,0,0
chess opening,chess opening database,210,0,0
chess opening,chess opening trainer,140,5.26,736.4
chess opening,chess best opening,110,0.37,40.7
chess opening,chess opening traps,90,0.19,17.1
chess opening,best chess opening for white,70,0,0
chess opening,best opening move in chess,70,0,0
chess opening,best chess opening moves,70,0,0
chess opening,chess opening book,70,0.87,60.9
chess,advanced chess openings,50,0.42,21
chess opening,chess best opening moves,20,0.25,5
chess opening,chess opening gambits,20,0.43,8.6
chess opening,most popular chess opening,10,0.02,0.2
chess opening,modern chess opening,10,0.05,0.5
chess opening,chess opening traps and zaps,10,0.18,1.8
