Keyword,Search Volume,CPC,PPC Competition,SEO Difficulty
chess database,2945,0.22,9,
chess games to play,315,0.25,48,
chess problems,3600,0.05,21,
chess openings for black,2900,0.14,2,
chess engine,8067,0.03,24,
chess moves names,1900,0.03,2,
basic chess openings,480,0.25,3,
chess theory,1000,1.22,3,
chess starting moves,716,0.09,2,
star trek chess,1600,0.32,98,
best chess openings,8100,0.14,1,25
chess middle game,867,0.65,7,30
electronic chess,1300,0.28,94,31
chess table,9900,0.82,100,32
chess opening moves,5400,1.02,1,33
best chess,1058,0.03,57,33
chess opening strategy,819,1.05,1,33
good chess openings,880,,0,33
wizard chess,1956,0.2,81,33
chess set,22200,0.63,100,35
best chess moves,4400,0.07,4,37
chess software,1300,0.86,58,37
gambit chess,2231,0.02,5,37
chess time,27100,0.14,87,38
chess puzzles,22095,0.11,26,39
chess game play,720,0.06,23,40
chess strategy,27100,0.41,5,41
chess board,89932,0.42,100,41
chess game pieces,484,0.57,90,41
chess clock,27075,0.25,81,41
chess books,4350,0.26,42,42
best chess game,2421,0.02,54,42
chess game,367907,0.04,73,43
chess openings database,720,0.39,5,43
chess checkmate,3168,0.18,4,43
chess openings for white,2900,0.42,3,45
chess analysis,12059,0.13,26,45
chess movements,819,0.06,1,45
chess moves,18152,1.19,5,46
chess tactics,22095,0.06,33,46
chess opening book,1300,0.36,30,46
chess board game,4400,0.26,100,46
chess opening explorer,2900,0.02,4,46
play chess game,1572,0.13,33,47
first move chess,1600,0.29,1,48
chess opening,4400,0.06,19,49
game chess,6578,0.06,59,50
chess live,49516,0.06,20,50
chess rules,60545,0.33,2,53
chess tournaments,4418,0.21,12,55
