Keyword,Search Volume,CPC,PPC Competition,SEO Difficulty
chess titans,49500,0.04,38,32
chinese chess,27115,0.06,43,29
chess online free,26970,0.17,12,
play chess against computer,22200,0.41,2,35
chess online multiplayer,8067,0.06,40,45
chess games for kids,3538,0.56,83,43
online chess computer,3483,0.28,3,
chess titans online,2900,0.16,9,
chess titans game,1900,0.08,54,32
chess game for pc,1900,0.2,26,44
play computer,1600,0.21,16,
chess game 3d,1580,0.01,95,
chess game against computer,1067,0.32,8,42
play 3d chess against computer,1000,0.21,7,
free chess against computer,769,0.31,3,
play chess online with computer,661,0.16,4,
free chess games against computer,261,0.3,7,
chess game to play,138,0.1,57,
