[
{
	"eco": "B10",
	"name": "Caro Kann defence",
	"moves": "1. e4 c6"
		
},
{
	"eco": "B15",
	"name": "Caro Kann defence, classical var.",
	"moves": "1. e4 c6 2. d4 d5 3. Nc3 dxe4 4. Nxe4 Bf5"
		
},
{
	"eco": "B20",
	"name": "Sicilian defence",
	"moves": "1. e4 c5"
		
},
{
	"eco": "C01",
	"name": "French Opening",
	"moves": "1.e4 e6 2.Sf3 d5 3.exd5 exd5 4.d4"
		
},
{
	"eco": "C21",
	"name": "Center Game",
	"moves": "1. e4 e5 2. d4 exd4 3. Sc3"
		
},
{
	"eco": "C30",
	"name": "King Gambit",
	"moves": "1. e4 e5 2. f4"
		
},
{
	"eco": "C40",
	"name": "McConnell defence",
	"moves": " 1.e4 e5 2.Sf6 Df6"
		
},
{
	"eco": "C41",
	"name": "Philidor defence",
	"moves": "1.e4 e5 2.Sf3 d6 3.d4 exd4 4.Sxd4"
},
{
	"eco": "C60",
	"name": "Ruy Lopez",
	"moves": "1.e4 e5 2.Nf 3.Nc6 3.Bb5"
		
},
{
	"eco": "C62",
	"name": "Ruy Lopez, old Steinz defence",
	"moves": "1.e4 e6 2.Sf3 d5 3.exd5 exd5 4.d4"
		
},
{
	"eco": "D06",
	"name": "Queen Gambit",
	"moves": "1. d4 d5 2. c4"
		
}
]