<?xml version="1.0" encoding="UTF-8"?>
		}
<rss version="2.0" xmlns:ror="http://rorweb.com/0.1/" >
<channel>
  <title>ROR Sitemap for http://80.211.144.82/chess/</title>
  <link>http://80.211.144.82/chess/</link>

<item>
     <link>http://80.211.144.82/chess/</link>
     <title>My Chess Base</title>
     <description>Chess opening moves database and more</description>
     <ror:updatePeriod></ror:updatePeriod>
     <ror:sortOrder>0</ror:sortOrder>
     <ror:resourceOf>sitemap</ror:resourceOf>
</item>
<item>
     <link>http://80.211.144.82/chess/index.html</link>
     <title>My Chess Base</title>
     <description>Chess opening moves database and more</description>
     <ror:updatePeriod></ror:updatePeriod>
     <ror:sortOrder>1</ror:sortOrder>
     <ror:resourceOf>sitemap</ror:resourceOf>
</item>
<item>
     <link>http://80.211.144.82/chess/author.html</link>
     <title>My Chess Base</title>
     <description>Chess opening moves database and more</description>
     <ror:updatePeriod></ror:updatePeriod>
     <ror:sortOrder>1</ror:sortOrder>
     <ror:resourceOf>sitemap</ror:resourceOf>
</item>
<item>
     <link>http://80.211.144.82/chess/white.html</link>
     <title>My Chess Base</title>
     <description>Chess opening moves database and more</description>
     <ror:updatePeriod></ror:updatePeriod>
     <ror:sortOrder>1</ror:sortOrder>
     <ror:resourceOf>sitemap</ror:resourceOf>
</item>
<item>
     <link>http://80.211.144.82/chess/wruylopez.html</link>
     <title>My Chess Base</title>
     <description>Chess opening moves database and more</description>
     <ror:updatePeriod></ror:updatePeriod>
     <ror:sortOrder>1</ror:sortOrder>
     <ror:resourceOf>sitemap</ror:resourceOf>
</item>
<item>
     <link>http://80.211.144.82/chess/wqueen.html</link>
     <title>My Chess Base</title>
     <description>Chess opening moves database and more</description>
     <ror:updatePeriod></ror:updatePeriod>
     <ror:sortOrder>1</ror:sortOrder>
     <ror:resourceOf>sitemap</ror:resourceOf>
</item>
<item>
     <link>http://80.211.144.82/chess/wking.html</link>
     <title>My Chess Base</title>
     <description>Chess opening moves database and more</description>
     <ror:updatePeriod></ror:updatePeriod>
     <ror:sortOrder>1</ror:sortOrder>
     <ror:resourceOf>sitemap</ror:resourceOf>
</item>
<item>
     <link>http://80.211.144.82/chess/wsicilian.html</link>
     <title>My Chess Base</title>
     <description>Chess opening moves database and more</description>
     <ror:updatePeriod></ror:updatePeriod>
     <ror:sortOrder>1</ror:sortOrder>
     <ror:resourceOf>sitemap</ror:resourceOf>
</item>
<item>
     <link>http://80.211.144.82/chess/black.html</link>
     <title>My Chess Base</title>
     <description>Chess opening moves database and more</description>
     <ror:updatePeriod></ror:updatePeriod>
     <ror:sortOrder>1</ror:sortOrder>
     <ror:resourceOf>sitemap</ror:resourceOf>
</item>
<item>
     <link>http://80.211.144.82/chess/bdanish.html</link>
     <title>Chess Opening Black | C21 Danski Gambit Accepted Copenhagen Defense</title>
     <description>Chess opening moves database and more</description>
     <ror:updatePeriod></ror:updatePeriod>
     <ror:sortOrder>1</ror:sortOrder>
     <ror:resourceOf>sitemap</ror:resourceOf>
</item>
<item>
     <link>http://80.211.144.82/chess/bitalian.html</link>
     <title>Chess Opening Black | C21 Danski Gambit Accepted Copenhagen Defense</title>
     <description>Chess opening moves database and more</description>
     <ror:updatePeriod></ror:updatePeriod>
     <ror:sortOrder>1</ror:sortOrder>
     <ror:resourceOf>sitemap</ror:resourceOf>
</item>
<item>
     <link>http://80.211.144.82/chess/bruylopez.html</link>
     <title>Chess Opening Black |C70 Ruy Lopez - Morphy Defense</title>
     <description>Chess opening moves database and more</description>
     <ror:updatePeriod></ror:updatePeriod>
     <ror:sortOrder>1</ror:sortOrder>
     <ror:resourceOf>sitemap</ror:resourceOf>
</item>
<item>
     <link>http://80.211.144.82/chess/bqueen.html</link>
     <title>Chess Opening Black |D31 Queen's Gambit Declined</title>
     <description>Chess opening moves database and more</description>
     <ror:updatePeriod></ror:updatePeriod>
     <ror:sortOrder>1</ror:sortOrder>
     <ror:resourceOf>sitemap</ror:resourceOf>
</item>
<item>
     <link>http://80.211.144.82/chess/quotes.html</link>
     <title>My Chess Base</title>
     <description>Chess opening moves database and more</description>
     <ror:updatePeriod></ror:updatePeriod>
     <ror:sortOrder>1</ror:sortOrder>
     <ror:resourceOf>sitemap</ror:resourceOf>
</item>
<item>
     <link>http://80.211.144.82/chess/contact.html</link>
     <title>My Chess Base</title>
     <description>Chess opening moves database and more</description>
     <ror:updatePeriod></ror:updatePeriod>
     <ror:sortOrder>1</ror:sortOrder>
     <ror:resourceOf>sitemap</ror:resourceOf>
</item>
</channel>
</rss>
  